{
  "project_info": {
    "project_number": "760590581885",
    "firebase_url": "https://test1-60b68.firebaseio.com",
    "project_id": "test1-60b68",
    "storage_bucket": "test1-60b68.appspot.com"
  },
  "client": [
    {
      "client_info": {
        "mobilesdk_app_id": "1:760590581885:android:589e12da41e55823",
        "android_client_info": {
          "package_name": "com.example.abrar.test1"
        }
      },
      "oauth_client": [
        {
          "client_id": "760590581885-fhl25pbi0ds2thj32uofmgrkbt6c479a.apps.googleusercontent.com",
          "client_type": 1,
          "android_info": {
            "package_name": "com.example.abrar.test1",
            "certificate_hash": "9558f13a64c6b16f0a0457631fa48107a75a720f"
          }
        },
        {
          "client_id": "760590581885-ft30ugpvgcnpkstka6r6mh0m6tlefk13.apps.googleusercontent.com",
          "client_type": 3
        }
      ],
      "api_key": [
        {
          "current_key": "AIzaSyBfdJx35ZafmhEsHbHxLia5eSMe7_4oHyw"
        }
      ],
      "services": {
        "analytics_service": {
          "status": 1
        },
        "appinvite_service": {
          "status": 2,
          "other_platform_oauth_client": [
            {
              "client_id": "760590581885-ft30ugpvgcnpkstka6r6mh0m6tlefk13.apps.googleusercontent.com",
              "client_type": 3
            }
          ]
        },
        "ads_service": {
          "status": 2
        }
      }
    },
    {
      "client_info": {
        "mobilesdk_app_id": "1:760590581885:android:ab845f8278642a7a",
        "android_client_info": {
          "package_name": "com.example.olku.payment"
        }
      },
      "oauth_client": [
        {
          "client_id": "760590581885-8fq529jecupf3r9kc5816sno8ds03m4q.apps.googleusercontent.com",
          "client_type": 1,
          "android_info": {
            "package_name": "com.example.olku.payment",
            "certificate_hash": "9c36ca45942c9dddb2a3bce5231fa1aa401a71f4"
          }
        },
        {
          "client_id": "760590581885-ft30ugpvgcnpkstka6r6mh0m6tlefk13.apps.googleusercontent.com",
          "client_type": 3
        }
      ],
      "api_key": [
        {
          "current_key": "AIzaSyBfdJx35ZafmhEsHbHxLia5eSMe7_4oHyw"
        }
      ],
      "services": {
        "analytics_service": {
          "status": 1
        },
        "appinvite_service": {
          "status": 2,
          "other_platform_oauth_client": [
            {
              "client_id": "760590581885-ft30ugpvgcnpkstka6r6mh0m6tlefk13.apps.googleusercontent.com",
              "client_type": 3
            }
          ]
        },
        "ads_service": {
          "status": 2
        }
      }
    },
    {
      "client_info": {
        "mobilesdk_app_id": "1:760590581885:android:7fd198fa9649b69c",
        "android_client_info": {
          "package_name": "com.example.olku.ticket_checker"
        }
      },
      "oauth_client": [
        {
          "client_id": "760590581885-ft30ugpvgcnpkstka6r6mh0m6tlefk13.apps.googleusercontent.com",
          "client_type": 3
        }
      ],
      "api_key": [
        {
          "current_key": "AIzaSyBfdJx35ZafmhEsHbHxLia5eSMe7_4oHyw"
        }
      ],
      "services": {
        "analytics_service": {
          "status": 1
        },
        "appinvite_service": {
          "status": 1,
          "other_platform_oauth_client": []
        },
        "ads_service": {
          "status": 2
        }
      }
    }
  ],
  "configuration_version": "1"
}